text,timestamp,ecnrypted_input
 ello,2020-08-06_20:49,
 i my name i  Rob and   i  i  my  ro ram  or Moni a,2020-08-06_20:49,
 ello My name i  Rober ,2020-08-07_10:29,
Wow i   u  in  wor ed mo  er  u  er!!!,2020-08-07_10:30,
/ ome/rob/ana onda3/bin/ y  on / ome/rob/re o /  ee  _banana/run. y,2020-08-07_10:50,
/ ome/rob/ana onda3/bin/ y  on / ome/rob/re o /  ee  _banana/run. y,2020-08-07_10:50,
/ ome/rob/ana onda3/bin/ y  on / ome/rob/re o /  ee  _banana/run. y,2020-08-07_10:53,
[A,2020-08-07_12:03,
 i   ere I wan   o wri e  ome   u  ,2020-08-07_12:04,
                                                                                                                   a  a   a   a                                                                                                                    ,2020-08-07_12:04,
                                                                                                                        O !                                                                                                                        ,2020-08-07_12:05,
                                                                                                              i   ere my name i  Rober                                                                                                             ,2020-08-07_12:06,
                                                                                                                        [A                                                                                                                        ,2020-08-07_12:07,
                                                                                                             i My Name i  Rober    oma                                                                                                             ,2020-08-07_12:07,
                                                                                                              i   ere my name i  ROb!!                                                                                                             ,2020-08-07_12:07,
                                                                                             i   ere my Name i  Rober !                                                                                            ,2020-08-07_12:10,
                                                                                    / ome/rob/ana onda3/bin/ y  on / ome/rob/re o /  ee  _banana/ ur e _ e  . y                                                                                    ,2020-08-07_12:13,
                                                                                                  i   i  i  Rober                                                                                                  ,2020-08-07_12:20,
                                                                                               ello My name i  ROber                                                                                               ,2020-08-07_12:20,
                                                                                                                 i my name i  ROber                                                                                                                ,2020-08-07_13:01,
                                                                                               ell my name i  Rober !                                                                                              ,2020-08-07_13:02,
                                                                                                 ello my name i  rob                                                                                               ,2020-08-07_13:03,
  i  i  a  ool  ro ram w a  doe  i  do.  i Moni a   i  i  a   in  I  ave made and i  i   re  y  ool.  ow mu    an I wri e? Le    ry and wri e more and  ee w a   a  en  w en i  e   o   e end o    e line. Will i   rea e a new o  ye !,2020-08-07_13:04,
                                                                                    / ome/rob/ana onda3/bin/ y  on / ome/rob/re o /  ee  _banana/ ur e _ e  . y                                                                                    ,2020-08-07_13:07,
                   / ome/rob/ana onda3/bin/ y  on / ome/rob/re o /  ee  _banana/run. y                    ,2020-08-07_13:15,
                   / ome/rob/ana onda3/bin/ y  on / ome/rob/re o /  ee  _banana/run. y                    ,2020-08-07_13:16,
               / ome/rob/ana onda3/bin/ y  on / ome/rob/re o /  ee  _banana/ ur e _ e  . y                ,2020-08-07_13:17,
                                         ello  ere i  my  en en e!                                       ,2020-08-07_15:50,
                                                                         ello bi                         ,2020-08-07_15:50,
 re                                                                                                                                                                     ,2020-08-07_15:58,
/ ome/rob/ana onda3/bin/ y  on / ome/rob/re o /  ee  _banana/run. y,2020-08-07_15:59,
/ ome/rob/ana onda3/bin/ y  on / ome/rob/re o /  ee  _banana/run. y,2020-08-07_16:00,
 ello my name i  Rober  ,2020-08-07_16:02,
 i   i  i   ome  ex  ,2020-08-07_16:02,
 i   i  i  Rober  and  ere i  a ni e   rin   or you ,2020-08-07_16:04,
/ ome/rob/ana onda3/bin/ y  on / ome/rob/re o /  ee  _banana/run. y,2020-08-07_16:04,
 ere i   ome ni e  ex   or you  u  er ,2020-08-07_16:05,
/ ome/rob/ana onda3/bin/ y  on / ome/rob/re o /  ee  _banana/run. y,2020-08-07_16:06,
 ello  ere i   ome  ex   o  u    rou     e al ori  m le    u   ome more  ex  in  ere woo oo!,2020-08-07_16:07,
W a  u ,2020-08-07_16:09,
 i   i  i  Rob iu z   oma ow  i wri in   ome  in  really  ool in  ere  an you  ee i ,2020-08-07_16:09,
 iya!,2020-08-07_16:10,
" ere i  a really  ool   in    a  I  an wri e le     e   i  ou .  i Moni a, I  o e you are doin  well, I  ave made a new a     a  doe  your wor  and i  i   u  er  ood",2020-08-07_16:11,
" i Moni a, my name i  Rob and I am wri in   o you a ni e  ool   in   ere i  i ",2020-08-07_16:13,
 r r ,2020-08-07_16:13,
" ello my name i  Rober ,  ow are you my  riend??",2020-08-07_16:15,
 ello   i  i  Rober    oma  and le    ind ou   ow Moni a  ear ,2020-08-07_16:49,
 ello Moni a.  ow are you and Meen  doin  in Ne  erland ? I  ave been wor in on  ome  in    u id  or   i   ro ram. ,2020-08-07_16:50,
 ello   i  i  ROber . W a  i    e name o    e be   band in   e world i  i  obvioul ly   in Lizzy,2020-08-07_17:01,
 ello i li e   i  en  bu  i don  ea    em be au e i am ve an and ve ani m i    e be  ,2020-08-07_17_,
" ere we  o!   ee   banana, I   in  i  will wor  now. I  ave  e  every  i n u  and i   eem   o be wor in .  o e ully i  won   ound  oo   i  y",2020-08-07_17_,
O    i  i    e la    ime. I really  an  be  u  ed  o do any more ex erimen in  on   i   u  in    i ,2020-08-07_17_,
 ello! Loo   li e I  ave  inally  ini  ed i .   e  ro ram  ave  every  i n a  well and  lay  every  in . I am  ired now and wan   o  o  ave a beer.  o maybe I will.   an  you  or li  enin . Love  rom Rob.,2020-08-07_17_,
I   in  I  ave  inally  o  i ! We  an ma e i  wai  lon er. You will  ave  o  ome and  lay wi   i  xx,2020-08-07_17_,
 u   you  u   you  u   you  u   you  u   you  u   you,2020-08-07_17_,
 i   i  i    e  oole   a   ever  rademar  Rob,2020-08-07_17_,
 ello Ana ,2020-08-07_18_,
" ello Ana,  ow i  your   ul  in   oin ?  ave you  ini  ed   e ar  ye ???",2020-08-07_18_,
 ello i don   ave a  ar,2020-08-08_16_,
 ello my name i  Robby Dob Dob,2020-08-15_13_,
 ello,2020-08-15_13_,
wd jweo jweo j d ,2020-08-15_13_,
 ello  u    a e,2020-08-15_13_21,
a new  en en e,2020-08-15_13_22,
 oo y  an  ,2020-08-15_13_53,16_15_15_16_25_65_16_1_14_20_19
 i  i  i  I i am robby ,2020-08-15_13_54,34_9_65_34_9_65_34_9_65_34_35_65_9_65_1_13_65_18_15_2_2_25_65
"Je  o, my name i  oo .  ow ? are you?",2020-08-20_10_30,36_5_8_8_15_77_65_13_25_65_14_1_13_5_65_9_19_65_15_15_16_79_65_34_15_23_65_86_65_1_18_5_65_25_15_21_86
  ere i  no way ou !!,2020-08-21_23_03,46_8_5_18_5_65_9_19_65_14_15_65_23_1_25_65_15_21_20_66_66
 ello everyboduy,2020-08-23_14_55,34_5_12_12_15_65_5_22_5_18_25_2_15_4_21_25
 jlerj e j eoirj jerj ejr   ello My name i  Rob and  ere i  a  ro ram   a  doe    u  ,2020-08-23_14_56,7_10_12_5_18_10_7_5_11_10_6_5_15_9_18_10_7_10_5_18_10_7_5_10_18_7_8_34_5_12_12_15_65_39_25_65_14_1_13_5_65_9_19_65_44_15_2_65_1_14_4_65_8_5_18_5_65_9_19_65_1_65_16_18_15_7_18_1_13_65_20_8_1_20_65_4_15_5_19_65_19_20_21_6_6
Rober    jwej n,2020-08-23_14_56,44_15_2_5_18_20_65_19_6_10_23_5_10_6_14
 ello my name i  robber byoer ,2020-08-24_08_49,34_5_12_12_15_65_13_25_65_14_1_13_5_65_9_19_65_18_15_2_2_5_18_65_2_25_15_5_18_65
 ello my ame i  rob,2020-08-24_08_50,34_5_12_12_15_65_13_25_65_1_13_5_65_9_19_65_18_15_2
 i My name i  Rob,2020-08-24_08_51,34_9_65_39_25_65_14_1_13_5_65_9_19_65_44_15_2
 ello my name i  Rob!,2020-08-24_08_56,34_5_12_12_15_65_13_25_65_14_1_13_5_65_9_19_65_44_15_2_66
 ello,2020-08-24_09_06,34_5_12_12_15
 ello My name i  Rov,2020-08-24_09_10,34_5_12_12_15_65_39_25_65_14_1_13_5_65_9_19_65_44_15_22
 i,2020-08-24_09_10,8_9
i am a lo er,2020-08-24_09_15,9_65_1_13_65_1_65_12_15_19_5_18
 e d l   j  ,2020-08-24_10_34,34_5_11_4_19_12_6_11_7_10_19_7
 d j dj ,2020-08-24_10_36,19_4_3_10_19_4_10_6
,2020-08-24_10_36,
 i   i  i  Rob!!,2020-08-24_10_39,34_9_65_20_8_9_19_65_9_19_65_44_15_2_66_66
Ya   o i  i  wor in    i  i   ood  u   you,2020-08-24_10_40,51_1_8_8_8_15_65_9_20_65_9_19_65_23_15_18_11_9_14_7_65_20_8_9_19_65_9_19_65_7_15_15_4_65_6_21_3_11_65_25_15_21
 ello my name i  moni a and i am  urren ly in  allin  my wor ,2020-08-24_10_51,8_5_12_12_15_65_13_25_65_14_1_13_5_65_9_19_65_13_15_14_9_11_1_65_1_14_4_65_9_65_1_13_65_3_21_18_18_5_14_20_12_25_65_9_14_19_20_1_12_12_9_14_7_65_13_25_65_23_15_18_11
blblabla,2020-08-24_10_51,2_12_2_12_1_2_12_1
banana,2020-08-24_10_52,2_1_14_1_14_1
banana,2020-08-24_10_53,2_1_14_1_14_1
e   lan ,2020-08-24_10_53,5_7_7_16_12_1_14_20
 i   i  i  Rober    oam [Z!,2020-08-24_11_14,encryption failed
 i   i  i  Rob,2020-08-24_11_21,34_9_65_20_8_9_19_65_9_19_65_44_15_2
 ello   i  i  Rober !,2020-08-24_11_23,34_5_12_12_15_65_20_8_9_19_65_9_19_65_44_15_2_5_18_20_66
qui    i  mo  er,2020-08-24_11_25,17_21_9_20_65_20_8_9_19_65_13_15_20_8_5_18
 i   ere my name i  Rober !,2020-08-24_15_00,34_9_65_20_8_5_18_5_65_13_25_65_14_1_13_5_65_9_19_65_44_15_2_5_18_20_66
 i   ere my name i  Rob!,2020-08-24_15_01,34_9_65_20_8_5_18_5_65_13_25_65_14_1_13_5_65_9_19_65_44_15_2_66
Je;;  d jwe j w e  ,2020-08-24_15_04,36_5_82_82_16_19_4_6_10_23_5_11_10_6_23_11_5_6_65
 ello my name i  Rob and i am wri in    i    i   or a   in  bla bla  ere i  a banana and ano  er one ,2020-08-24_15_07,34_5_12_12_15_65_13_25_65_14_1_13_5_65_9_19_65_44_15_2_65_1_14_4_65_9_65_1_13_65_23_18_9_20_9_14_7_65_20_8_9_19_65_19_8_9_20_65_6_15_18_65_1_65_20_8_9_14_7_65_2_12_1_65_2_12_1_65_8_5_18_5_65_9_19_65_1_65_2_1_14_1_14_1_65_1_14_4_65_1_14_15_20_8_5_18_65_15_14_5_65
iu ,2020-08-24_15_26,9_21_8
 lay wi   i ,2020-08-24_15_28,16_12_1_25_65_23_9_20_8_65_9_20
 ello my name i  jo e ,2020-08-24_15_29,8_5_12_12_15_65_13_25_65_14_1_13_5_65_9_19_65_10_15_19_5_6
yabadabadooooo,2020-08-24_15_34,25_1_2_1_4_1_2_1_4_15_15_15_15_15
ojoijoij,2020-08-24_15_45,15_10_15_9_10_15_9_10
 ellooooo my name i  lauren and i li e your  a e,2020-08-24_15_53,8_5_12_12_15_15_15_15_15_65_13_25_65_14_1_13_5_65_9_19_65_12_1_21_18_5_14_65_1_14_4_65_9_65_12_9_11_5_65_25_15_21_18_65_6_1_3_5
qui    i    i ,2020-08-24_16_03,17_21_9_20_65_20_8_9_19_65_19_8_9_20
 i   i  i  Rob,2020-08-25_10_31,34_9_65_20_8_9_19_65_9_19_65_44_15_2
jo dj ,2020-08-25_10_54,10_15_19_4_10_6
           ,2020-08-25_11_13,6_6_7_6_7_6_7_6_7_6_7
 ld e   ,2020-08-25_11_28,19_12_4_11_5_19_6_7
 ere i   ome   i ,2020-08-25_11_29,34_5_18_5_65_9_19_65_19_15_13_5_65_19_8_9_20
